学校名称,年份,专业,最低排名,最低分,最高分,平均分
北京工业大学,2015,计算机类,--,601,609,605
北京工业大学,2016,计算机类（中外合作办学）,--,--,--,565
北京大学,2016,电子信息类,--,--,--,678
内蒙古大学,2015,计算机科学与技术,--,577,577,577
内蒙古大学,2015,软件工程,--,577,577,577
内蒙古大学,2016,自动化,1956,632,632,632
内蒙古大学,2017,自动化,56217,495,496,496
内蒙古大学,2017,软件工程,56217,499,511,505
内蒙古大学,2018,自动化,60188,511.00,513.00,512.00
内蒙古大学,2018,软件工程,49360,524.00,542.00,534.00
大连海事大学,2015,计算机科学与技术,--,592,599,596
大连海事大学,2015,软件工程,--,589,606,594
大连海事大学,2017,软件工程,33244,526,529,527
大连海事大学,2017,计算机科学与技术,36545,524,533,528
大连海事大学,2018,计算机科学与技术,30367,551.00,557.00,553.00
大连海事大学,2018,软件工程,30367,551.00,552.00,552.00
哈尔滨工业大学,2015,自动化,--,656,657,656
哈尔滨工业大学,2015,计算机科学与技术,--,636,647,642
哈尔滨工业大学,2016,电子信息类（电子与信息工程学院）,5595,606,617,611
哈尔滨工业大学,2016,电子信息类（航天学院）,5595,605,613,609
哈尔滨工业大学,2016,自动化类,3053,621,644,629
哈尔滨工业大学,2017,电子信息类（电子与信息工程学院）,8400,584,600,591
哈尔滨工业大学,2017,计算机类,6099,594,604,599
哈尔滨工业大学,2017,电子信息类（航天学院）,8400,582,593,587
哈尔滨工业大学,2017,软件工程,8400,584,592,589
哈尔滨工业大学,2017,自动化类,5145,595,610,600
哈尔滨工业大学,2018,电子信息类,6401,610.00,616.00,612.70
哈尔滨工业大学,2018,计算机类,5189,616.00,618.00,617.00
哈尔滨工业大学,2018,软件工程,6863,608.00,611.00,609.50
长安大学,2016,自动化（含卓越工程师）,33655,542,558,547
长安大学,2017,电子信息类（分流专业：电子信息工程、通信工程）,30045,531,533,532
长安大学,2017,自动化（含卓越班）（分流专业：自动化（含卓越班））,36545,524,531,526
长安大学,2018,自动化（含卓越工程师）,32284,548.00,--,549.42
长安大学,2018,电子信息类,30367,551.00,--,552.80
长安大学,2018,计算机类,29773,552.00,--,554.73
西北大学,2015,软件工程,--,598,601,599
西北大学,2016,计算机科学与技术,27117,553,561,557
西北大学,2017,电子信息类,27096,535,540,538
西北大学,2017,计算机科学与技术,27096,535,537,536
西北大学,2018,电子信息类,23058,564.00,--,564.50
西北大学,2018,计算机科学与技术,23578,563.00,--,563.50
西北大学,2018,软件工程,23578,563.00,--,564.00
北京交通大学,2015,自动化类,--,624,627,626
北京交通大学,2015,计算机类,--,622,629,624
北京交通大学,2015,软件工程,--,622,630,625
北京交通大学,2016,软件工程,14413,578,583,581
北京交通大学,2016,计算机类,12480,580,586,582
北京交通大学,2016,电子信息类（通信与控制）,12480,581,588,585
北京交通大学,2016,计算机类（中外合作办学）,--,--,--,536
北京交通大学,2016,电子信息类（中外合作办学）,--,--,--,535
北京交通大学,2016,电子信息类,--,--,--,585
北京交通大学,2017,软件工程,15022,564,568,567
北京交通大学,2017,计算机类,15022,562,570,566
北京交通大学,2017,电子信息类（通信与控制）,15022,562,573,567
北京交通大学,2018,电子信息类（通信与控制）,11276,592.00,601.00,594.00
北京交通大学,2018,计算机类,10656,594.00,601.00,596.00
北京交通大学,2018,软件工程,11629,591.00,594.00,592.00
北京外国语大学,2017,计算机科学与技术,4305,601,601,601
北京外国语大学,2018,计算机科学与技术,8087,603.00,--,--
河北工业大学,2015,自动化,--,596,596,596
河北工业大学,2015,计算机类,--,593,600,596
河北工业大学,2016,自动化,30264,548,550,549
河北工业大学,2017,自动化,33244,528,529,528
河北工业大学,2018,计算机科学与技术（人工智能新工科试点班）,28030,555.00,556.00,555.50
河北工业大学,2018,自动化,28602,554.00,555.00,554.60
武汉大学,2015,软件工程（软件工程类）,--,648,665,652
武汉大学,2016,自动化,--,--,--,620
武汉大学,2016,软件工程,--,--,--,626
武汉大学,2016,计算机类,--,--,--,633
武汉大学,2017,电子信息类,2902,610,622,616
武汉大学,2017,计算机类,1882,623,628,625
武汉大学,2017,软件工程（软件工程类）,2902,613,622,618
武汉大学,2018,电子信息类,2415,635.00,639.00,637.11
武汉大学,2018,计算机类,2022,639.00,646.00,641.81
北京林业大学,2015,自动化,--,600,603,601
北京林业大学,2015,计算机类,--,600,610,604
北京林业大学,2017,计算机类,27096,539,551,543
北京林业大学,2017,自动化,27096,535,540,537
湖南大学,2015,软件工程,--,625,628,626
湖南大学,2017,软件工程,11345,570,576,572
湖南大学,2018,计算机科学与技术,11276,592.00,599.00,594.39
中央民族大学,2015,计算机科学与技术,--,609,610,609
中央民族大学,2016,计算机科学与技术,--,--,--,571
中央民族大学,2017,计算机类,17113,557,567,562
中央民族大学,2018,计算机类,22535,565.00,--,--
北京航空航天大学,2015,电子信息类,--,664,666,665
北京航空航天大学,2015,自动化类,--,664,668,666
北京航空航天大学,2015,计算机科学与技术,--,667,672,669
北京航空航天大学,2015,软件工程,--,665,667,666
北京航空航天大学,2016,软件工程,--,--,--,642
北京航空航天大学,2016,自动化类,--,--,--,644
北京航空航天大学,2016,电子信息类,--,--,--,641
北京邮电大学,2015,电子信息类,--,609,620,614
北京邮电大学,2015,自动化,--,626,632,628
北京邮电大学,2015,计算机类,--,608,618,611
北京邮电大学,2015,计算机科学与技术,--,638,650,643
北京邮电大学,2015,软件工程,--,630,637,633
北京邮电大学,2016,计算机科学与技术,6692,602,643,612
北京邮电大学,2016,自动化,9284,591,591,591
北京邮电大学,2016,软件工程,9284,591,600,595
北京邮电大学,2017,电子信息类（信息通信）,9798,578,609,587
北京邮电大学,2017,计算机类,7210,588,610,598
北京邮电大学,2017,自动化,9798,577,584,581
北京邮电大学,2017,软件工程,7210,585,587,586
北京邮电大学,2017,电子信息类（电子工程）,9798,576,585,580
北京邮电大学,2018,电子信息类（信息通信）,12978,587.00,--,--
北京邮电大学,2018,电子信息类（电子工程）,14492,583.00,--,--
北京邮电大学,2018,计算机类,10936,593.00,--,--
北京邮电大学,2018,自动化,15264,581.00,--,--
北京邮电大学,2018,软件工程,12648,588.00,--,--
西南交通大学,2015,自动化,--,620,620,620
西南交通大学,2015,计算机类,--,616,618,617
西南交通大学,2017,计算机类,17113,557,559,558
西南交通大学,2017,电子信息类（茅以升学院）,17113,558,558,558
西南交通大学,2018,电子信息类,15675,580.00,585.00,581.50
西南交通大学,2018,电子信息类（茅以升学院）,14492,583.00,583.00,583.00
西南交通大学,2018,计算机类,15675,580.00,584.00,582.17
西安电子科技大学,2015,计算机科学与技术,--,617,622,620
西安电子科技大学,2015,软件工程,--,616,624,618
西安电子科技大学,2016,计算机科学与技术,16509,572,583,576
西安电子科技大学,2016,自动化,16509,573,576,575
西安电子科技大学,2016,软件工程,16509,570,580,573
西安电子科技大学,2017,计算机科学与技术,15022,562,583,567
西安电子科技大学,2017,自动化,17113,559,565,561
西安电子科技大学,2017,软件工程,17113,559,565,561
西安电子科技大学,2018,计算机科学与技术,11629,591.00,597.00,592.00
西安电子科技大学,2018,自动化,13362,586.00,589.00,587.00
西安电子科技大学,2018,软件工程,12978,587.00,591.00,589.00
湖南师范大学,2015,计算机科学与技术,--,600,602,601
湖南师范大学,2015,软件工程,--,600,603,602
湖南师范大学,2016,计算机科学与技术,27117,551,552,552
湖南师范大学,2016,软件工程,27117,550,551,550
湖南师范大学,2017,软件工程,27096,535,539,537
湖南师范大学,2017,计算机科学与技术,30045,534,536,535
湖南师范大学,2018,软件工程,25143,560.00,560.00,--
湖南师范大学,2018,计算机科学与技术,24603,561.00,565.00,--
南开大学,2015,电子信息类,--,657,659,658
南开大学,2015,自动化类,--,656,660,657
南开大学,2015,计算机类,--,658,660,659
南开大学,2015,软件工程,--,655,656,656
南开大学,2016,软件工程,3053,624,631,627
南开大学,2016,计算机类,2455,628,633,630
南开大学,2016,自动化类,1956,630,634,632
南开大学,2016,电子信息类,3053,620,626,624
南开大学,2017,电子信息类,5145,597,610,601
南开大学,2017,软件工程,5145,595,601,597
南开大学,2017,计算机类,4305,604,619,614
南开大学,2017,自动化类,4305,603,613,609
南开大学,2018,电子信息类,4292,621.00,646.00,629.00
南开大学,2018,计算机类,2415,635.00,639.00,637.00
南开大学,2018,软件工程,4292,621.00,624.00,622.00
南开大学,2018,自动化类,2765,632.00,636.00,634.00
天津大学,2015,自动化,--,634,636,635
天津大学,2015,计算机科学与技术,--,633,639,636
天津大学,2015,软件工程,--,632,639,635
天津大学,2016,计算机科学与技术,7865,598,603,600
天津大学,2017,自动化,9798,577,598,585
天津大学,2017,软件工程,9798,579,583,581
中国海洋大学,2018,计算机科学与技术,14096,584.00,584.00,--
郑州大学,2016,电子信息类,--,--,--,551
郑州大学,2017,电子信息类,30045,533,548,539
郑州大学,2018,电子信息类,25143,560.00,573.00,--
合肥工业大学,2017,自动化,24305,543,550,--
合肥工业大学,2018,计算机科学与技术,19163,572.00,580.00,576.00
中国科学技术大学,2015,电子信息类,--,670,672,671
中国科学技术大学,2015,计算机类,--,674,674,674
中国科学技术大学,2016,计算机类,--,--,--,651
中国科学技术大学,2016,电子信息类,--,--,--,645
中国科学技术大学,2017,电子信息类,--,640,--,--
中国科学技术大学,2017,计算机类,--,642,--,--
安徽大学,2015,自动化,--,598,604,601
安徽大学,2015,计算机科学与技术,--,608,608,608
安徽大学,2016,计算机科学与技术,--,--,--,550
安徽大学,2016,自动化,--,--,--,548
安徽理工大学,2015,计算机科学与技术,--,559,563,561
安徽工业大学,2015,自动化,--,557,557,557
安徽工业大学,2015,计算机科学与技术,--,550,550,550
安徽工业大学,2016,计算机科学与技术,84561,487,487,487
安徽工业大学,2016,自动化,84561,488,499,493
安徽工业大学,2017,自动化,79870,470,478,474
安徽工业大学,2017,计算机科学与技术,85011,469,486,477
安徽工业大学,2018,计算机类,74864,495.00,497.00,--
安徽工业大学,2018,自动化类,79639,490.00,490.00,--
安徽农业大学,2015,电子信息类,--,549,554,552
济南大学,2016,电子信息类,--,--,--,519
济南大学,2016,计算机类,--,--,--,521
同济大学,2015,软件工程,--,661,666,662
同济大学,2016,软件工程,--,--,--,639
同济大学,2017,软件工程,1882,624,633,626
同济大学,2018,电子信息类,1230,649.00,656.00,652.00
同济大学,2018,计算机类,1034,652.00,656.00,653.00
同济大学,2018,软件工程,1295,648.00,656.00,651.00
上海大学,2015,电子信息类,--,621,624,622
上海大学,2016,电子信息类（中外合作办学）,--,--,--,576
南京航空航天大学,2015,计算机科学与技术,--,622,630,627
南京航空航天大学,2015,软件工程,--,622,623,622
南京航空航天大学,2016,软件工程,--,--,--,581
南京航空航天大学,2016,电子信息类,--,--,--,583
南京航空航天大学,2016,计算机科学与技术,--,--,--,578
南京航空航天大学,2017,软件工程,9798,579,--,--
南京航空航天大学,2017,计算机科学与技术,9798,576,--,--
南京航空航天大学,2017,电子信息类,8400,582,--,--
南京航空航天大学,2018,电子信息类（电子、电子（微毫米波）、信息工程）,13362,586.00,589.00,--
南京航空航天大学,2018,计算机科学与技术,11276,592.00,594.00,--
南京航空航天大学,2018,软件工程,11629,591.00,594.00,--
天津师范大学,2015,计算机科学与技术,--,561,564,562
天津工业大学,2015,自动化,--,570,576,573
天津工业大学,2015,计算机科学与技术,--,571,579,574
天津工业大学,2016,自动化,63502,506,508,507
天津工业大学,2016,计算机科学与技术,68533,503,511,506
天津工业大学,2017,计算机科学与技术,65332,488,497,492
天津工业大学,2017,自动化,70132,483,485,484
天津工业大学,2018,计算机科学与技术,55084,517.00,541.00,525.00
天津工业大学,2018,自动化,59317,512.00,515.00,512.00
天津理工大学,2015,电子信息类,--,565,573,568
天津理工大学,2015,计算机类,--,538,555,545
天津理工大学,2015,软件工程,--,563,569,565
天津理工大学,2016,计算机类（中外合作办学）,--,--,--,480
天津理工大学,2016,软件工程,--,--,--,503
天津理工大学,2016,电子信息类,--,--,--,498
天津理工大学,2017,计算机科学与技术（中外合作办学）,90122,464,474,--
天津理工大学,2017,电子信息类,74935,475,481,477
天津科技大学,2015,计算机类,--,564,574,570
天津科技大学,2016,计算机类（中外合作办学）（计算机科学与技术（信息处理））,73713,497,500,498
天津科技大学,2017,计算机类（中外合作办学）（计算机科学与技术（信息处理））,79870,474,479,476
天津科技大学,2017,电子信息类,79870,472,477,474
天津科技大学,2018,电子信息类,67382,503.00,507.00,504.30
天津科技大学,2018,计算机类（中外合作办学）,64577,506.00,511.00,508.50
天津财经大学,2015,计算机科学与技术,--,608,608,608
天津财经大学,2017,计算机科学与技术,24305,542,--,--
天津财经大学,2018,计算机科学与技术,36258,542.00,--,--
天津商业大学,2016,软件工程,--,--,--,493
天津商业大学,2017,软件工程,79870,471,472,471
天津商业大学,2018,软件工程,73895,496.00,497.00,496.00
中国民航大学,2016,自动化,--,--,--,505
中国民航大学,2017,自动化,70132,481,485,--
中国民航大学,2018,自动化,64577,505.93,516.94,508.54
中国民航大学,2018,计算机科学与技术,53384,518.95,521.95,519.95
天津职业技术师范大学,2015,电子信息类,--,528,529,528
天津职业技术师范大学,2015,自动化,--,524,526,525
天津职业技术师范大学,2015,计算机科学与技术,--,530,530,530
天津职业技术师范大学,2016,自动化,--,--,--,479
天津城建大学,2015,自动化,--,540,540,540
天津城建大学,2015,计算机科学与技术,--,550,550,550
天津城建大学,2016,自动化,96149,478,483,480
天津城建大学,2016,计算机科学与技术,79055,490,490,490
天津农学院,2015,计算机科学与技术,--,524,527,526
天津农学院,2015,软件工程,--,520,523,521
天津农学院,2016,软件工程,--,--,--,460
天津农学院,2016,计算机科学与技术,--,--,--,455
天津农学院,2017,计算机科学与技术,123239,431,--,--
天津农学院,2017,软件工程,123239,432,--,--
天津农学院,2018,计算机科学与技术,79639,490.00,--,--
天津农学院,2018,软件工程,120318,451.00,--,--
广西大学,2016,计算机-网络-信息安全类,33655,540,541,541
广西大学,2016,自动化,30264,545,545,545
广西大学,2016,计算机科学与技术,--,--,--,541
兰州大学,2016,电子信息类,21481,564,566,565
兰州大学,2017,电子信息类,15022,564,566,565
兰州大学,2017,计算机类,15022,563,567,565
兰州大学,2018,计算机类（含计算机科学与技术（基地班）、计算机科学与技术、信息安全、电子商务、数据科学与大数据技术专业）,--,572.00,--,--
兰州大学,2018,电子信息类（含电子信息科学与技术（基地班）、电子信息科学与技术、通信工程专业）,--,572.00,--,--
华南师范大学,2015,电子信息类,--,606,628,613
华南师范大学,2015,计算机类,--,606,631,612
华南师范大学,2015,计算机科学与技术（师范）,--,605,614,608
华南师范大学,2016,计算机类,--,--,--,563
华南师范大学,2016,软件工程,--,--,--,563
华南师范大学,2018,计算机科学与技术,19163,572.00,572.00,572.00
四川大学,2015,计算机类,--,631,641,634
四川大学,2015,计算机科学与技术,--,639,644,642
四川大学,2015,软件工程,--,630,634,632
四川大学,2016,计算机科学与技术（计算金融）,9284,591,597,594
四川大学,2016,电子信息类,10783,589,590,590
四川大学,2017,软件工程,9798,579,582,580
四川大学,2017,电子信息类,9798,575,579,578
四川大学,2017,自动化,9798,575,576,575
四川大学,2018,电子信息类,8882,600.00,629.00,609.00
四川大学,2018,计算机类,7312,606.00,623.00,610.67
四川大学,2018,软件工程,6188,611.00,624.00,617.50
西南财经大学,2015,计算机科学与技术,--,642,642,642
西南财经大学,2017,计算机科学与技术（金融信息化方向）,11345,572,572,572
西南财经大学,2018,计算机科学与技术（金融信息化方向）,9451,598.00,--,--
厦门大学,2015,电子信息类,--,641,648,644
厦门大学,2015,计算机类,--,647,650,648
厦门大学,2015,软件工程,--,639,645,641
厦门大学,2016,电子信息类,1140,641,648,644
厦门大学,2016,软件工程,1537,639,645,641
厦门大学,2016,计算机类,848,647,650,648
厦门大学,2017,软件工程（含软件工程、数字媒体技术）,7210,586,606,593
厦门大学,2017,电子信息类,8400,583,591,586
厦门大学,2018,计算机科学与技术,26283,558.00,--,--
厦门大学,2018,软件工程,41182,535.00,--,--
福州大学,2015,电子信息类,--,606,610,608
福州大学,2016,电子信息类,21481,562,568,565
福州大学,2017,电子信息类,21739,547,557,552
福州大学,2018,电子信息类,20565,569.00,575.00,573.00
中山大学,2016,软件工程,--,--,--,623
中山大学,2017,软件工程,2341,618,636,623
中山大学,2018,电子信息类（含电子信息科学与技术、通信工程专业）（深圳）,4973,617.00,634.00,624.00
中山大学,2018,电子信息类（含电子信息科学与技术、通信工程专业）,2765,632.00,647.00,637.00
华南理工大学,2015,自动化,--,641,654,643
华南理工大学,2016,自动化,6692,600,617,603
华南理工大学,2016,软件工程（卓越班）,4615,614,642,618
华南理工大学,2017,自动化,7210,587,607,591
华南理工大学,2017,软件工程（卓越班）,7210,588,609,593
华南理工大学,2018,自动化,7824,604.00,624.00,608.00
华南理工大学,2018,软件工程（3加2中澳班）,8348,602.00,616.00,606.00
华南理工大学,2018,计算机科学与技术（全英创新班）,3393,627.00,647.00,633.00
暨南大学,2016,自动化,14413,579,591,583
西北工业大学,2015,计算机科学与技术,--,625,633,628
西北工业大学,2015,软件工程,--,622,626,623
西北工业大学,2016,计算机科学与技术,12480,582,587,584
西北工业大学,2016,软件工程,14413,577,586,580
西北工业大学,2017,计算机科学与技术,11345,572,576,575
西北工业大学,2017,自动化,13059,566,578,571
西北工业大学,2017,软件工程,13059,565,579,570
西北工业大学,2018,电子信息类,9753,597.00,597.00,597.00
西北工业大学,2018,计算机科学与技术,10052,596.00,600.00,598.00
西北工业大学,2018,软件工程,10936,593.00,596.00,595.00
西北工业大学,2018,自动化,10333,595.00,595.00,595.00
南昌大学,2015,计算机科学与技术,--,599,--,--
南昌大学,2015,软件工程,--,597,--,--
南昌大学,2015,自动化,--,599,--,--
南昌大学,2017,计算机类（计算机科学与技术、网络工程）,24305,542,--,--
南昌大学,2017,自动化,27096,538,--,--
南昌大学,2017,电子信息类（电子信息工程、通信工程）,27096,537,--,--
南昌大学,2017,软件工程,30045,533,--,--
南昌大学,2018,电子信息类（电子信息工程、通信工程）,26283,558.00,--,--
南昌大学,2018,计算机类（计算机科学与技术、网络工程、数据科学与大数据技术）,24603,561.00,--,--
南昌大学,2018,软件工程,26283,558.00,--,--
南昌大学,2018,自动化,26283,558.00,--,--
东南大学,2015,计算机科学与技术,--,640,649,645
东南大学,2015,软件工程,--,637,645,639
东南大学,2018,计算机科学与技术,2992,630.00,633.00,--
东南大学,2018,计算机科学与技术（人工智能）,3393,627.00,627.00,--
东南大学,2018,软件工程,4292,621.00,625.00,--
中国矿业大学,2015,计算机类（计算机科学与技术、电子信息科学与技术、信息安全、网络工程）,--,591,611,598
中国矿业大学,2016,计算机类（计算机科学与技术、电子信息科学与技术、信息安全、网络工程）,37185,536,550,540
中国矿业大学,2017,电子信息类,36545,523,535,528
中国矿业大学,2017,计算机类,33244,526,546,533
中国矿业大学,2018,计算机类,28030,555.00,563.00,558.88
中国矿业大学,2018,自动化类,29773,552.00,556.00,553.17
南京大学,2015,电子信息类,--,669,672,671
南京大学,2015,自动化,--,674,674,674
南京大学,2015,计算机科学与技术,--,671,675,673
南京大学,2015,软件工程,--,668,675,671
南京大学,2016,软件工程,--,--,--,647
南京大学,2016,电子信息类,--,--,--,648
南京大学,2016,计算机科学与技术,--,--,--,649
南京大学,2017,计算机类,657,641,--,--
南京大学,2017,电子信息类,862,637,--,--
南京大学,2017,软件工程,862,637,--,--
南京大学,2018,计算机科学与技术（人工智能方向）,461,664.00,--,--
南京大学,2018,电子信息类,764,657.00,--,--
南京大学,2018,计算机类,579,661.00,--,--
南京大学,2018,软件工程,764,657.00,--,--
南京理工大学,2015,电子信息类,--,624,629,626
南京理工大学,2015,计算机类,--,621,624,622
南京理工大学,2016,计算机类,--,--,--,580
南京理工大学,2016,电子信息类,--,--,--,581
南京理工大学,2017,电子信息类（电子科学与技术、电子信息工程、光电信息科学与工程、通信工程、微电子科学与工程）,9798,579,584,581
南京理工大学,2017,计算机类（计算机科学与技术、软件工程、网络工程、智能科学与工程）,27096,535,535,535
南京理工大学,2018,电子信息类（电子科学与技术、电子信息工程、光电信息科学与工程、通信工程、微电子科学与工程）,13716,585.00,586.00,585.00
南京理工大学,2018,计算机类（计算机科学与技术、软件工程、网络工程、智能科学与工程）,13362,586.00,591.00,588.00
南京农业大学,2017,自动化,33244,526,536,529
南京农业大学,2018,自动化,29773,552.00,557.00,554.00
河海大学,2015,自动化,--,607,613,609
河海大学,2015,计算机科学与技术,--,608,612,610
河海大学,2016,自动化,--,--,--,560
河海大学,2017,计算机科学与技术,15022,560,--,584
河海大学,2018,自动化,--,--,--,570.00
河海大学,2018,计算机科学与技术,--,--,--,572.00
苏州大学,2015,软件工程,--,618,618,618
苏州大学,2016,软件工程,18921,569,581,574
苏州大学,2016,计算机类,16509,571,571,571
苏州大学,2018,软件工程,12648,588.00,588.00,588.00
重庆大学,2017,软件工程,9798,575,576,576
重庆大学,2018,电子信息类,11629,591.00,599.00,592.50
重庆大学,2018,计算机类,10936,593.00,599.00,595.70
中国石油大学（华东）,2015,计算机科学与技术,--,587,602,593
中国石油大学（华东）,2015,软件工程,--,588,600,593
中国石油大学（华东）,2016,软件工程,--,--,--,541
中国石油大学（华东）,2017,计算机科学与技术,30045,531,538,534
中国石油大学（华东）,2017,自动化,33244,525,537,531
中国石油大学（华东）,2017,软件工程,30045,531,535,533
中国石油大学（华东）,2018,自动化,31030,550.00,552.00,551.00
中国地质大学（武汉）,2016,自动化,--,--,--,551
中国地质大学（武汉）,2016,软件工程,--,--,--,552
吉林大学,2015,计算机科学与技术,--,619,624,621
吉林大学,2016,自动化,--,--,--,581
吉林大学,2018,电子信息类（电子科学与工程学院）（含电子信息工程、电子科学与技术、微电子科学与工程、电子信息科学与技术、生物医学工程专业）,--,581.00,--,--
吉林大学,2018,自动化,--,582.00,--,--
中南大学,2016,计算机科学与技术,--,--,--,590
哈尔滨工程大学,2015,软件工程,--,604,--,--
哈尔滨工程大学,2015,计算机科学与技术,--,607,--,--
哈尔滨工程大学,2015,自动化类,--,607,--,--
哈尔滨工程大学,2015,电子信息类,--,604,--,--
哈尔滨工程大学,2016,电子信息类,24143,558,--,560
哈尔滨工程大学,2016,软件工程,24143,557,--,565
哈尔滨工程大学,2016,计算机科学与技术,24143,557,--,559
哈尔滨工程大学,2017,软件工程,27096,535,--,--
哈尔滨工程大学,2017,电子信息类,30045,534,--,--
哈尔滨工程大学,2017,计算机类,27096,539,--,--
哈尔滨工程大学,2018,计算机类,22535,565.00,565.00,565.00
哈尔滨工程大学,2018,软件工程,23578,563.00,563.00,563.00
哈尔滨工程大学,2018,电子信息类,25143,560.00,560.00,560.00
上海交通大学,2015,电子信息类,--,684,687,685
上海交通大学,2016,电子信息类,--,--,--,670
上海交通大学,2017,电子信息类（含自动化、信息工程、电子科学与技术、计算机科学与技术、测控技术与仪器、电气工程及其自动化、信息安全、软件工程、微电子科学与工程专业）,--,663,--,--
上海交通大学,2017,电子信息类（IEEE试点班）,--,664,--,--
山东大学,2015,电子信息类,--,623,633,627
山东大学,2015,自动化类,--,624,629,626
山东大学,2015,计算机科学与技术,--,624,625,624
山东大学,2016,电子信息类,--,--,--,581
山东大学,2016,计算机科学与技术,--,--,--,589
山东大学,2017,电子信息类,15022,563,587,572
山东大学,2017,自动化类,17113,559,568,562
山东大学,2018,计算机科学与技术,11629,591.00,595.00,592.00
山东大学,2018,电子信息类,11957,590.00,592.00,591.00
山东大学,2018,软件工程,13362,586.00,596.00,588.00
山东大学,2018,自动化类,13362,586.00,591.00,589.00
华中科技大学,2016,自动化,--,--,--,630
华中科技大学,2016,软件工程,--,--,--,620
华中科技大学,2017,电子信息类（含电子科学与技术、光电信息科学与工程、微电子科学与工程、集成电路设计与集成系统）,--,587,--,--
华中科技大学,2017,计算机类（含计算机科学与技术、信息安全、物联网工程）,--,588,--,--
华中科技大学,2017,软件工程,--,595,--,--
华中科技大学,2017,自动化,--,610,--,--
华中科技大学,2018,电子信息类（电信学院）,2415,635.00,--,--
华中科技大学,2018,电子信息类（光电学院）,2415,635.00,--,--
华中科技大学,2018,计算机类,1357,647.00,--,--
武汉理工大学,2015,电子信息类,--,618,625,620
武汉理工大学,2015,自动化类,--,621,627,622
武汉理工大学,2015,计算机类,--,618,628,621
武汉理工大学,2016,自动化,--,--,--,576
延边大学,2016,电子信息类（电子信息工程、通信工程、计算机科学与技术、数字媒体技术）,53843,518,528,--
延边大学,2016,电子信息类,--,--,--,523
延边大学,2017,电子信息类（电子信息工程、通信工程）,51932,500,506,--
华东师范大学,2015,计算机科学与技术,--,639,642,640
华东师范大学,2015,软件工程,--,640,642,641
华东师范大学,2016,计算机科学与技术,7865,597,599,598
华东师范大学,2016,软件工程,7865,599,602,600
华东师范大学,2017,软件工程,7210,588,594,591
华东师范大学,2017,计算机科学与技术,7210,586,586,586
华东师范大学,2018,软件工程,5780,613.00,623.00,--
华东师范大学,2018,计算机科学与技术,5967,612.00,616.00,--
华东理工大学,2015,自动化,--,628,628,628
华东理工大学,2015,计算机科学与技术,--,632,632,632
华东理工大学,2016,自动化,--,--,--,591
华东理工大学,2016,软件工程,--,--,--,588
华东理工大学,2017,电子信息类,--,567,--,--
华东理工大学,2017,计算机类,--,568,--,--
东北大学,2016,计算机类（含软件工程、数字媒体技术、信息安全）,21481,563,570,566
东北大学,2016,电子信息类,18921,565,572,567
东北大学,2016,自动化类,18921,567,584,574
东北大学,2016,计算机类（含计算机科学与技术、物联网工程）,18921,568,577,572
东北大学,2016,计算机类,--,--,--,562
东北大学,2017,自动化类（含自动化、电气工程及其自动化、测控技术与仪器、电子科学与技术）,17113,557,--,--
东北大学,2017,计算机类（含计算机科学与技术、物联网工程）,17113,558,--,--
东北大学,2017,电子信息类（含电子信息工程、通信工程）,17113,555,--,--
东北大学,2017,计算机类（含软件工程、数字媒体技术、信息安全）,19349,552,--,--
东华大学,2015,自动化,--,613,619,616
东华大学,2015,计算机科学与技术,--,612,615,614
东华大学,2016,电子信息类,18921,568,570,569
东华大学,2016,计算机类,18921,569,571,570
东华大学,2017,电子信息类,19349,553,555,554
东华大学,2017,计算机类,17113,555,558,557
东华大学,2018,计算机类,15675,580.00,585.00,--
东华大学,2018,电子信息类,16524,578.00,580.00,--
东北农业大学,2015,电子信息类,--,570,571,571
东北农业大学,2016,电子信息类（工学Ⅵ）,63502,508,515,508
东北农业大学,2016,电子信息类,--,--,--,511
东北农业大学,2017,计算机类,51932,501,505,502
东北农业大学,2018,计算机类,54228,518.00,523.00,520.00
大连理工大学,2015,电子信息类,--,626,630,627
大连理工大学,2015,自动化,--,628,630,629
大连理工大学,2015,计算机科学与技术,--,628,628,628
大连理工大学,2015,软件工程,--,625,626,625
大连理工大学,2017,计算机科学与技术,15022,560,571,566
大连理工大学,2017,软件工程（含网络工程专业）,13059,566,573,569
大连理工大学,2017,自动化,11345,571,577,575
大连理工大学,2018,电子信息类,9753,597.00,597.00,597.00
大连理工大学,2018,计算机科学与技术,9451,598.00,603.00,600.30
大连理工大学,2018,软件工程（软件工程、网络工程）,11629,591.00,597.00,592.60
大连理工大学,2018,自动化,9753,597.00,597.00,597.00
太原理工大学,2015,自动化,--,591,594,592
太原理工大学,2016,自动化,37185,535,535,535
太原理工大学,2017,自动化,40080,515,516,516
清华大学,2015,电子信息类,--,690,700,694
清华大学,2015,自动化,--,689,694,693
清华大学,2015,计算机科学与技术,--,710,710,710
清华大学,2015,软件工程,--,691,692,692
清华大学,2016,自动化,--,--,--,678
清华大学,2016,软件工程,--,--,--,675
清华大学,2016,电子信息类,--,--,--,683
清华大学,2017,电子信息类,--,678,--,--
清华大学,2017,计算机类,--,669,--,--
东北师范大学,2015,计算机类,--,589,600,594
东北师范大学,2015,计算机科学与技术,--,598,600,599
东北师范大学,2015,软件工程,--,590,597,593
东北师范大学,2016,计算机科学与技术,27117,551,552,552
东北师范大学,2016,软件工程,30264,546,548,548
东北师范大学,2018,计算机科学与技术,24076,562.00,562.00,--
东北师范大学,2018,软件工程,26283,558.00,564.00,--
北京理工大学,2015,电子信息类,--,639,648,--
北京理工大学,2015,计算机科学与技术,--,637,647,--
北京理工大学,2015,自动化,--,634,642,--
北京理工大学,2015,软件工程,--,635,643,--
北京理工大学,2016,自动化,--,--,--,611
北京理工大学,2016,软件工程,--,--,--,599
北京理工大学,2016,电子信息类,--,--,--,608
北京理工大学,2016,计算机科学与技术,--,--,--,600
北京理工大学,2017,电子信息类,7210,585,605,599
北京理工大学,2017,计算机类,7210,586,609,596
北京理工大学,2017,电子信息类（实验班）,3547,609,611,--
北京理工大学,2017,自动化类,6099,591,602,599
北京科技大学,2015,自动化,--,625,626,626
北京科技大学,2015,计算机科学与技术,--,629,630,630
北京科技大学,2016,计算机科学与技术,10783,587,587,587
北京科技大学,2016,自动化,12480,582,582,582
北京科技大学,2017,自动化类,13059,565,579,568
北京科技大学,2017,计算机类,13059,565,574,571
北京科技大学,2018,自动化类,13716,585.00,590.00,--
北京科技大学,2018,计算机类,11957,590.00,596.00,--
南京工程学院,2016,计算机科学与技术,--,--,--,501
南京工程学院,2017,计算机科学与技术,--,483,--,--
江苏理工学院,2018,软件工程（嵌入式培养）,91530,478.00,481.00,479.50
南京审计大学,2016,软件工程,--,--,--,512
盐城工学院,2017,电子信息类,123239,434,--,--
盐城工学院,2017,计算机类,123239,434,--,--
常州大学,2016,计算机科学与技术,--,--,--,497
常州大学,2017,计算机科学与技术,--,--,--,497
华东交通大学,2015,自动化,--,578,622,588
华东交通大学,2016,自动化,--,--,--,518
华东交通大学,2017,计算机科学与技术,60623,492,492,492
杭州电子科技大学,2015,电子信息类,--,579,586,582
杭州电子科技大学,2015,计算机科学与技术,--,585,585,585
杭州电子科技大学,2016,软件工程,--,--,--,550
杭州电子科技大学,2016,电子信息类（中外合作办学）,--,--,--,542
杭州电子科技大学,2016,电子信息类,--,--,--,544
杭州电子科技大学,2017,电子信息类（含电子信息工程、电子科学与技术、集成电路设计与集成系统、电子信息科学与技术、光电信息科学与工程（光电工程））,--,531,--,--
杭州电子科技大学,2017,计算机类（含计算机科学与技术（与会计学复合）、计算机科学与技术、软件工程、物联网工程）,--,536,--,--
杭州电子科技大学,2018,电子信息类（含电子信息工程、电子科学与技术、集成电路设计与集成系统、电子信息科学与技术、光电信息科学与工程（光电工程）专业）,--,562.00,--,--
杭州电子科技大学,2018,计算机类（含计算机科学与技术（与会计学复合）、计算机科学与技术、软件工程专业）,--,568.00,--,--
南京邮电大学,2016,软件工程（嵌入式培养）,27117,552,560,556
南京邮电大学,2017,计算机科学与技术,19349,552,552,552
南京邮电大学,2017,软件工程（嵌入式培养）,19349,552,557,554
南京邮电大学,2017,软件工程（与NIIT合作嵌入式培养）,19349,554,556,555
南京邮电大学,2018,计算机科学与技术,20073,570.00,575.00,572.20
南京邮电大学,2018,软件工程,22021,566.00,575.00,570.30
南京邮电大学,2018,软件工程（嵌入式培养）,24076,562.00,562.00,562.00
江苏科技大学,2015,自动化,--,561,575,568
江苏科技大学,2015,计算机科学与技术,--,566,576,570
江苏科技大学,2016,计算机科学与技术,--,--,--,511
江苏科技大学,2017,自动化,33244,528,531,530
江苏科技大学,2017,软件工程,36545,521,525,523
江苏科技大学,2017,计算机科学与技术,33244,526,532,529
南京中医药大学,2017,计算机科学与技术（4年）,74935,476,--,--
南京中医药大学,2018,计算机类（计算机科学与技术、软件工程）（4
年）录取分数线,71085,499.00,--,--
苏州科技大学,2016,计算机科学与技术（嵌入式培养）,21481,561,561,561
南京财经大学,2016,计算机科学与技术,--,--,--,521
南京财经大学,2017,计算机科学与技术,--,493,--,--
南京财经大学,2018,计算机科学与技术,--,526.00,--,--
江西理工大学,2016,自动化,--,--,--,514
江西理工大学,2016,软件工程,--,--,--,494
江西理工大学,2017,软件工程（机械电子方向）,203229,360,--,--
江西理工大学,2017,软件工程（造价方向）,203229,360,--,--
南京信息工程大学,2015,计算机类,--,585,591,588
南京信息工程大学,2016,计算机类（中外合作办学）,--,--,--,537
南京信息工程大学,2017,计算机科学与技术（嵌入式培养）,40080,519,526,522
南京信息工程大学,2017,软件工程（嵌入式培养）,40080,516,520,517
南京信息工程大学,2018,电子信息类,33605,546.00,547.00,547.00
南京信息工程大学,2018,计算机类（中外合作办学）（软件工程）,49360,524.00,525.00,525.00
南京信息工程大学,2018,计算机类,31643,549.00,562.00,554.00
南京林业大学,2017,自动化,27096,539,--,--
南京林业大学,2017,计算机科学与技术,21739,549,--,--
南京林业大学,2018,自动化,55928,516.00,517.00,--
南京林业大学,2018,软件工程（嵌入式培养）,46325,528.00,532.00,--
江苏大学,2015,自动化,--,590,593,592
江苏大学,2015,软件工程,--,595,598,596
江苏大学,2016,计算机科学与技术,33655,544,548,546
江苏大学,2016,自动化,37185,539,540,540
江苏大学,2016,软件工程,33655,543,547,544
江苏大学,2017,计算机科学与技术,33244,526,532,529
江苏大学,2017,自动化,33244,528,531,530
江苏大学,2017,软件工程,36545,521,525,523
江苏大学,2018,计算机科学与技术,29773,552.00,553.00,552.50
江苏大学,2018,软件工程,30367,551.00,559.00,553.75
南京工业大学,2015,自动化,--,586,595,590
南京工业大学,2016,计算机科学与技术,27117,553,557,554
南京工业大学,2016,自动化,30264,546,546,546
南京工业大学,2017,计算机科学与技术,--,532,--,--
南京工业大学,2017,自动化,--,532,--,--
南京工业大学,2017,计算机科学与技术（嵌入式培养）,--,530,--,--
江西农业大学,2016,软件工程,--,--,--,482
江西农业大学,2017,软件工程,95539,457,457,457
江西农业大学,2018,软件工程,96754,472.90,472.90,472.90
江西师范大学,2015,电子信息类,--,559,574,566
江西师范大学,2015,计算机科学与技术,--,560,571,565
江西师范大学,2015,软件工程,--,557,562,559
江西师范大学,2016,软件工程,--,--,--,515
江西师范大学,2017,计算机科学与技术（师范）,51932,504,509,--
江西财经大学,2015,电子信息类,--,602,602,602
江西财经大学,2015,计算机类,--,601,603,602
江西财经大学,2017,计算机类（02含物联网工程）,36545,522,523,--
江西财经大学,2017,计算机类（01含计算机科学与技术（财经大数据管理））,36545,522,536,--
江西财经大学,2018,计算机类[01含计算机科学与技术（财经大数据管理）],33605,546.00,551.00,548.50
江西财经大学,2018,计算机类（02含物联网工程）,34245,545.00,546.00,545.50
江西财经大学,2018,计算机类（03含数据科学与大数据技术）,34245,545.00,554.00,549.50
东华理工大学,2015,电子信息类,--,545,548,546
东华理工大学,2015,软件工程,--,547,555,551
东华理工大学,2016,软件工程,--,--,--,490
东华理工大学,2016,电子信息类,--,--,--,489
东华理工大学,2017,自动化,85011,467,468,467
东华理工大学,2017,计算机科学与技术,70132,480,--,480
东华理工大学,2017,电子信息类（含电子信息工程、电子科学与技术专业）,85011,468,468,468
南昌航空大学,2015,自动化,--,558,573,564
南昌航空大学,2015,计算机科学与技术,--,562,568,565
南昌航空大学,2016,自动化,--,--,--,494
南昌航空大学,2017,自动化,--,474,--,--
南昌航空大学,2017,计算机科学与技术,--,476,--,--
重庆师范大学,2016,计算机科学与技术,90384,484,497,489
重庆师范大学,2017,计算机科学与技术,74935,475,483,479
重庆师范大学,2018,计算机科学与技术,68335,502.00,503.00,502.00
景德镇陶瓷大学,2016,计算机科学与技术（师范）,114461,464,--,--
景德镇陶瓷大学,2016,计算机网络技术,139592,444,--,--
景德镇陶瓷大学,2017,计算机科学与技术（数学与计算机科学学院）,111947,442,--,--
景德镇陶瓷大学,2017,软件技术（数学与计算机科学学院）,180990,383,--,--
景德镇陶瓷大学,2018,计算机科学与技术,122481,449.00,450.00,449.50
重庆邮电大学,2016,自动化与电气工程类,63502,509,516,512
重庆邮电大学,2016,计算机与智能科学类,58551,514,536,519
重庆邮电大学,2016,自动化类,--,--,--,512
重庆邮电大学,2016,计算机类,--,--,--,519
重庆邮电大学,2016,电子信息类,--,--,--,527
重庆邮电大学,2017,计算机与智能科学类,56217,497,515,505
重庆邮电大学,2017,自动化,65332,487,491,489
重庆邮电大学,2018,计算机与智能科学类,39018,538.00,575.00,547.00
重庆邮电大学,2018,自动化与电气工程类,48590,525.00,532.00,528.00
重庆理工大学,2015,计算机科学与技术,--,567,572,570
重庆理工大学,2015,软件工程,--,569,571,570
重庆理工大学,2016,软件工程,63502,506,506,506
重庆理工大学,2016,电子信息类,68533,500,501,500
重庆理工大学,2016,计算机类,63502,508,509,508
重庆理工大学,2017,计算机类,70132,481,484,482
重庆理工大学,2017,电子信息类,70132,481,482,481
重庆理工大学,2017,软件工程,70132,484,486,485
重庆理工大学,2018,电子信息类,62754,507.94,511.94,510.27
重庆理工大学,2018,计算机类,59317,511.94,511.94,511.94
重庆理工大学,2018,软件工程,63629,506.94,511.94,509.44
赣南师范大学,2015,软件工程,--,522,522,522
赣南师范大学,2015,计算机科学与技术,--,522,529,526
赣南师范大学,2016,软件工程,--,--,--,466
赣南师范大学,2016,计算机科学与技术,--,--,--,466
江西科技师范大学,2015,计算机科学与技术,--,520,531,527
江西科技师范大学,2016,计算机科学与技术（师范）,114461,464,465,--
江西科技师范大学,2017,软件技术（数学与计算机科学学院）,180990,383,383,--
江西科技师范大学,2017,计算机科学与技术（数学与计算机科学学院）,111947,442,446,--
江西科技师范大学,2018,计算机科学与技术（数学与计算机科学学院）,203722,376.00,470.00,--
宜春学院,2016,计算机科学与技术,--,--,--,466
宜春学院,2017,计算机科学与技术,106358,449,449,--
井冈山大学,2016,软件工程,--,--,--,463
井冈山大学,2017,计算机科学与技术,128923,428,444,436
井冈山大学,2018,计算机科学与技术,--,466.00,--,--
大连民族大学,2015,软件工程,--,527,569,542
大连民族大学,2016,软件工程,120658,459,476,468
大连民族大学,2017,软件工程,106358,445,452,448
大连民族大学,2018,软件工程,103098,467.00,470.00,468.00
沈阳航空航天大学,2018,计算机科学与技术,74864,495.00,--,--
大连工业大学,2015,自动化,--,542,--,--
大连工业大学,2016,自动化,102054,473,479,475
大连工业大学,2017,自动化,90122,461,461,461
大连工业大学,2018,自动化,83521,486.00,--,--
沈阳建筑大学,2017,计算机科学与技术,95539,455,455,455
沈阳建筑大学,2018,自动化,70165,500.00,--,--
沈阳建筑大学,2018,计算机科学与技术,14492,583.00,--,--
沈阳化工大学,2015,自动化,--,534,534,534
沈阳化工大学,2016,自动化,96149,478,478,478
沈阳化工大学,2018,软件工程,100974,469.00,469.00,469.00
沈阳化工大学,2018,计算机科学与技术,107424,463.00,463.00,463.00
大连外国语大学,2017,计算机科学与技术,56217,497,499,--
大连外国语大学,2018,计算机科学与技术,50969,522.00,523.00,--
沈阳理工大学,2016,自动化,84561,487,487,487
沈阳理工大学,2016,计算机科学与技术,84561,487,487,487
沈阳理工大学,2017,计算机科学与技术,85011,467,467,467
沈阳理工大学,2017,自动化,90122,461,461,461
沈阳理工大学,2018,计算机科学与技术,81550,488.00,488.00,488.00
大连大学,2018,软件工程,90491,479.00,523.00,490.00
大连交通大学,2015,软件工程,--,556,558,558
大连交通大学,2016,软件工程,--,--,--,490
大连交通大学,2017,软件工程,90122,462,473,466
沈阳师范大学,2016,软件工程,--,--,--,453
沈阳师范大学,2016,计算机科学与技术,--,--,--,464
辽宁科技大学,2016,软件工程,108205,468,468,468
辽宁科技大学,2017,软件工程,100935,453,453,453
辽宁科技大学,2018,软件工程,93626,476.00,--,--
辽宁石油化工大学,2016,计算机科学与技术,133142,447,447,447
辽宁石油化工大学,2017,计算机科学与技术,117655,436,436,436
辽宁石油化工大学,2018,计算机科学与技术,--,477.00,--,--
沈阳大学,2016,自动化类（中外合作办学）,--,--,--,466
沈阳大学,2017,自动化类（中外合作办学）（自动化）,111947,440,450,446
沈阳大学,2018,自动化（中外合作办学）,111770,458.89,463.89,460.56
沈阳工业大学,2015,自动化,--,566,570,568
沈阳工业大学,2015,计算机科学与技术,--,553,564,558
沈阳工业大学,2016,自动化,--,--,--,526
沈阳工业大学,2017,计算机科学与技术,65332,485,485,--
沈阳工业大学,2017,自动化,65332,486,--,--
沈阳工业大学,2018,自动化,93626,476.00,--,--
西南民族大学,2015,计算机科学与技术,--,540,546,542
西南民族大学,2016,软件工程,84561,486,489,487
西南民族大学,2016,计算机科学与技术,90384,482,492,487
西南民族大学,2017,自动化,85011,467,474,470
西南民族大学,2017,计算机科学与技术,85011,465,475,470
西南民族大学,2017,软件工程,85011,466,468,467
成都理工大学,2016,电子信息类,58551,512,522,515
成都理工大学,2017,计算机类,51932,504,--,511
成都理工大学,2017,电子信息类,51932,501,--,503
成都理工大学,2018,计算机类,42626,533.00,--,536.92
新疆农业大学,2016,计算机科学与技术,--,--,--,439
新疆师范大学,2015,软件工程,--,521,521,521
新疆师范大学,2016,软件工程,164753,420,430,429
新疆师范大学,2017,软件工程,128923,426,450,439
浙江师范大学,2016,软件工程,--,--,--,516
浙江师范大学,2017,计算机科学与技术,--,496,--,--
浙江师范大学,2017,软件工程（全英文班）,--,496,--,--
浙江理工大学,2015,电子信息类,--,584,596,591
浙江理工大学,2015,计算机科学与技术,--,587,596,593
浙江理工大学,2016,计算机类,--,--,--,539
浙江理工大学,2016,电子信息类,--,--,--,537
浙江理工大学,2017,电子信息类（含电子信息工程、通信工程、电子信息科学与技术）,--,517,--,--
浙江理工大学,2017,计算机类（含计算机科学与技术、数字媒体技术专业）,--,516,--,--
西华大学,2015,自动化,--,550,551,550
西华大学,2018,自动化,77680,491.92,497.93,494.92
浙江科技学院,2016,电子信息类,--,--,--,503
中国计量大学,2015,自动化,--,577,577,577
中国计量大学,2015,计算机科学与技术,--,576,576,576
中国计量大学,2016,计算机科学与技术,--,--,--,513
中国计量大学,2017,电子信息类（电子信息工程、通信工程、电子信息科学与技术）,--,492,--,--
中国计量大学,2017,自动化类（自动化、电气工程及其自动化）,--,496,--,--
中国计量大学,2017,计算机科学与技术,--,495,--,--
杭州师范大学,2018,计算机科学与技术,--,524.00,--,--
杭州师范大学,2018,软件工程,--,517.00,--,--
湖州师范学院,2018,电子信息类（含计算机科学与技术、电子信息工程、物联网工程、通信工程专业，具体专业分流情况请查看学校网站）,--,462.00,--,--
山西大学,2018,计算机科学与技术,32930,547.00,--,--
四川师范大学,2017,软件工程,65332,487,496,492
四川师范大学,2018,电子信息类,66431,504.00,511.00,508.50
四川师范大学,2018,计算机类,59317,512.00,523.00,514.50
中国民用航空飞行学院,2016,计算机科学与技术,--,--,--,513
中国民用航空飞行学院,2017,计算机科学与技术（不招色盲）,70132,480,--,--
西南石油大学,2015,自动化,--,563,565,564
西南石油大学,2015,软件工程,--,559,562,561
西南石油大学,2017,计算机科学与技术,65332,489,503,496
西南石油大学,2017,自动化,65332,485,485,485
西南石油大学,2018,计算机科学与技术,60188,511.00,514.00,512.50
西南石油大学,2018,软件工程,61921,509.00,515.00,512.00
西南石油大学,2018,自动化,64577,506.00,508.00,507.00
成都信息工程大学,2015,自动化,--,562,562,562
成都信息工程大学,2015,计算机科学与技术,--,564,574,569
成都信息工程大学,2015,软件工程,--,569,569,569
成都信息工程大学,2016,自动化,--,--,--,496
成都信息工程大学,2016,软件工程,--,--,--,503
成都信息工程大学,2017,软件工程,70132,483,486,485
成都信息工程大学,2017,自动化,74935,479,479,479
成都信息工程大学,2018,计算机科学与技术,58454,512.94,516.94,514.94
成都信息工程大学,2018,软件工程,61055,509.94,515.94,512.94
四川轻化工大学,2016,软件工程,--,--,--,507
山西财经大学,2015,计算机科学与技术,--,558,558,558
山西财经大学,2016,计算机科学与技术,--,--,--,496
山西财经大学,2017,计算机科学与技术,--,455,--,--
山西财经大学,2018,计算机科学与技术,85479,484.00,--,--
中北大学,2016,自动化,--,--,--,515
中北大学,2017,电子信息类（信息与通信）（含电子信息工程、通信工程、信息工程专业）,--,476,--,--
中北大学,2017,电子信息类（光电信息）（含光电信息科学与工程、电子信息科学与技术专业）,--,476,--,--
中北大学,2017,计算机类（含计算机科学与技术、网络工程、物联网工程、数字媒体技术专业）,--,476,--,--
中北大学,2017,电子信息类（含电子科学与技术、微电子科学与工程专业）,--,476,--,--
太原科技大学,2018,计算机科学与技术,103098,467.00,468.00,468.00
忻州师范学院,2015,计算机科学与技术,--,546,546,546
忻州师范学院,2016,计算机科学与技术,--,--,--,420
忻州师范学院,2017,计算机科学与技术,134711,420,420,420
忻州师范学院,2018,计算机科学与技术,135784,437.00,437.00,437.00
山西大同大学,2015,计算机科学与技术,--,540,540,540
山西大同大学,2016,计算机科学与技术,--,--,--,426
山西大同大学,2018,计算机科学与技术,128051,444.00,--,--
汕头大学,2015,计算机科学与技术（教育部卓越工程师班）,--,610,635,614
汕头大学,2016,计算机科学与技术（教育部卓越工程师班）,21481,562,579,567
汕头大学,2018,计算机科学与技术,25725,559.00,569.00,562.00
汕头大学,2018,计算机科学与技术（教育部卓越工程师班）,22535,565.00,592.00,570.80
深圳大学,2015,电子信息类,--,614,633,618
深圳大学,2018,计算机科学与技术,9451,598.00,611.00,601.00
深圳大学,2018,软件工程,10936,593.00,612.00,596.00
深圳大学,2018,自动化,15675,580.00,595.00,584.00
五邑大学,2015,计算机科学与技术,--,554,573,559
五邑大学,2015,自动化,--,557,572,561
五邑大学,2015,软件工程,--,562,574,567
五邑大学,2016,自动化,--,--,--,488
五邑大学,2016,软件工程,--,--,--,492
五邑大学,2017,计算机科学与技术,79870,472,486,477
五邑大学,2017,自动化,90122,464,490,469
五邑大学,2017,软件工程,79870,472,501,477
五邑大学,2018,自动化,88544,481.00,504.00,488.00
五邑大学,2018,计算机科学与技术,76739,493.00,511.00,497.00
五邑大学,2018,软件工程,75821,494.00,525.00,499.00
广东工业大学,2016,自动化,27117,554,580,561
广东工业大学,2017,软件工程（含卓越工程师班）,27096,537,568,544
广东工业大学,2018,自动化,31030,550.00,587.00,558.00
广东工业大学,2018,电子信息类（含信息工程、通信工程、电子信息工程、集成电路设计与集成系统）,38303,539.00,567.00,544.00
华南农业大学,2016,电子信息类,45093,528,572,534
华南农业大学,2017,自动化,40080,518,545,521
华南农业大学,2017,电子信息类,40080,519,540,523
华南农业大学,2017,软件工程（温氏阿里创新班）,24305,542,560,548
广东海洋大学,2016,自动化,73713,496,523,505
广东海洋大学,2017,软件工程,65332,485,510,491
广州中医药大学,2015,计算机科学与技术,--,577,592,579
广州中医药大学,2016,计算机科学与技术,53843,519,578,523
广州中医药大学,2017,计算机科学与技术,51932,500,526,506
广州中医药大学,2018,计算机科学与技术,--,514.00,--,--
广东外语外贸大学,2015,计算机类,--,609,--,--
东莞理工学院,2015,自动化,--,523,576,557
东莞理工学院,2015,计算机科学与技术,--,519,579,558
东莞理工学院,2015,软件工程,--,546,591,566
东莞理工学院,2016,自动化,--,--,--,492
东莞理工学院,2016,软件工程,--,--,--,520
东莞理工学院,2017,软件工程（中外合作办学）,85011,465,573,480
东莞理工学院,2017,自动化,74935,478,493,483
东莞理工学院,2018,自动化,65530,505.00,518.00,508.00
广东石油化工学院,2016,自动化,--,--,--,451
广州大学,2017,计算机科学与技术,51932,504,540,518
广东药科大学,2017,计算机科学与技术,85011,469,485,473
韩山师范学院,2016,软件工程,--,--,--,463
韩山师范学院,2018,软件工程,122481,449.00,470.00,454.47
韩山师范学院,2018,计算机科学与技术,123589,448.00,472.00,452.31
韩山师范学院,2018,计算机科学与技术（师范）,128051,444.00,459.00,448.69
韶关学院,2015,计算机科学与技术,--,536,557,539
韶关学院,2016,自动化,--,--,--,463
韶关学院,2017,计算机应用技术,203229,363,413,379
韶关学院,2017,自动化,123239,433,456,438
韶关学院,2018,自动化,122481,449.00,487.00,454.75
韶关学院,2018,计算机科学与技术,112851,458.00,486.00,463.77
韶关学院,2018,软件工程,111770,459.00,492.00,465.14
岭南师范学院,2015,计算机科学与技术,--,530,556,534
岭南师范学院,2016,计算机科学与技术,120658,457,482,465
惠州学院,2015,计算机科学与技术,--,546,565,552
惠州学院,2015,软件工程,--,550,574,555
惠州学院,2016,软件工程,--,--,--,488
惠州学院,2017,计算机科学与技术,90122,462,535,470
惠州学院,2018,计算机科学与技术,89500,480.00,509.00,487.28
惠州学院,2018,软件工程,94635,475.00,507.00,481.77
嘉应学院,2016,自动化,--,--,--,460
嘉应学院,2017,软件工程,117655,436,464,441
广东财经大学,2016,计算机科学与技术（创新实验班）,58551,510,603,535
广东财经大学,2018,软件工程,55084,517.00,535.00,521.00
广东财经大学,2018,计算机科学与技术,55928,516.00,526.00,519.00
佛山科学技术学院,2018,计算机科学与技术,65530,505.00,532.00,510.00
佛山科学技术学院,2018,计算机科学与技术（人工智能方向）,60188,511.00,529.00,514.00
上海理工大学,2015,电子信息类,--,606,613,611
上海理工大学,2015,自动化类,--,608,608,608
上海理工大学,2015,计算机类,--,608,611,610
上海理工大学,2016,自动化类,--,--,--,560
上海理工大学,2016,计算机类,--,--,--,560
上海理工大学,2016,电子信息类（中外合作办学）,--,--,--,558
上海理工大学,2016,电子信息类,--,--,--,566
上海理工大学,2017,电子信息类,--,546,--,--
上海理工大学,2017,自动化类,--,544,--,--
上海理工大学,2017,计算机类,--,544,--,--
上海理工大学,2017,电子信息类（电子信息科学与技术）（中外合作办学）,--,544,--,--
上海工程技术大学,2015,电子信息类,--,570,570,570
上海工程技术大学,2015,自动化类,--,569,569,569
上海工程技术大学,2016,自动化（汽车电子工程）（中美合作办学）,73713,499,513,506
上海工程技术大学,2016,自动化类（中外合作办学）,--,--,--,507
上海工程技术大学,2016,电子信息类（中外合作办学）,--,--,--,498
上海工程技术大学,2018,计算机科学与技术,55928,516.00,516.00,516.00
上海工程技术大学,2018,自动化,59317,512.00,512.00,512.00
上海海洋大学,2015,计算机科学与技术,--,577,614,583
上海海洋大学,2016,软件工程,53843,516,523,521
上海海洋大学,2017,软件工程,51932,503,513,506
上海海洋大学,2018,软件工程,50969,522.00,542.00,534.00
上海海洋大学,2018,计算机科学与技术,49360,524.00,556.00,538.00
上海第二工业大学,2016,计算机科学与技术,73713,499,507,503
上海海事大学,2015,电子信息类,--,579,581,580
上海海事大学,2015,计算机类,--,580,580,580
上海海事大学,2017,电子信息类,47827,505,517,510
上海海事大学,2017,计算机类,47827,505,525,513
上海海事大学,2018,计算机类,47070,527.00,542.00,--
上海海事大学,2018,电子信息类,47797,526.00,532.00,--
上海应用技术大学,2015,计算机类,--,568,588,574
上海应用技术大学,2016,计算机类,68533,502,507,506
上海应用技术大学,2017,计算机类（含计算机科学与技术、软件工程、网络工程专业）,--,484,--,--
上海电力大学,2015,自动化,--,574,578,576
上海电力大学,2015,计算机科学与技术,--,575,575,575
上海电力大学,2015,软件工程,--,573,580,576
上海电力大学,2016,自动化,--,--,--,519
上海电力大学,2016,软件工程,--,--,--,514
上海电力大学,2017,自动化,--,506,--,--
上海电力大学,2017,软件工程,--,496,--,--
上海电力大学,2018,自动化,31030,550.00,550.00,550.00
上海电力大学,2018,软件工程,47070,527.00,527.00,527.00
上海立信会计金融学院,2016,计算机科学与技术（金融信息技术）,53843,517,518,518
上海立信会计金融学院,2016,计算机科学与技术,--,--,--,518
上海立信会计金融学院,2017,计算机科学与技术（金融信息技术）,60623,494,501,498
安徽建筑大学,2015,电子信息类,--,552,553,552
安徽建筑大学,2016,电子信息类,--,--,--,484
上海杉达学院,2015,计算机科学与技术,--,504,509,506
上海杉达学院,2016,计算机科学与技术,158554,428,441,432
上海杉达学院,2016,软件工程,126887,454,467,461
上海杉达学院,2017,软件工程,134711,424,440,434
上海杉达学院,2017,计算机科学与技术,140437,419,448,433
上海杉达学院,2018,计算机科学与技术,132522,440.00,--,--
上海杉达学院,2018,软件工程,107424,463.00,--,--
西安交通大学,2015,电子信息类,--,649,656,652
西安交通大学,2015,自动化类,--,652,652,652
西安交通大学,2016,计算机类[分流专业：计算机科学与技术、物联网工程],3782,617,623,620
西安交通大学,2016,软件工程[分流专业：软件工程],4615,610,612,611
西安交通大学,2016,自动化类[分流专业：自动化],3053,622,627,625
西安交通大学,2016,电子信息类[分流专业：电子科学与技术、微电子科学与技术、信息工程],3053,620,621,621
西安交通大学,2016,软件工程,--,--,--,611
西安交通大学,2017,电子信息类,4305,600,601,601
西安交通大学,2017,自动化类,2902,613,615,614
西安交通大学,2017,软件工程,6099,592,593,593
西安交通大学,2017,计算机类,4305,603,614,609
陕西师范大学,2015,软件工程,--,579,597,586
陕西师范大学,2016,计算机科学与技术,30264,548,554,551
陕西师范大学,2016,计算机类,37185,535,560,542
陕西师范大学,2017,计算机科学与技术（师范）,24305,541,541,541
陕西师范大学,2017,计算机类,36545,524,531,527
陕西师范大学,2018,计算机类,30367,551.00,558.00,553.54
安徽财经大学,2017,计算机类,70132,481,481,481
延安大学,2015,计算机科学与技术,--,525,540,532
合肥学院,2016,自动化,--,--,--,468
合肥学院,2016,软件工程,--,--,--,468
合肥学院,2017,软件工程,--,446,--,--
合肥学院,2017,自动化,--,446,--,--
昆明理工大学,2015,电子信息类,--,571,572,572
昆明理工大学,2016,电子信息类,--,--,--,517
昆明理工大学,2017,电子信息类（含电子信息科学与技术、电子科学与技术）,--,485,--,--
昆明理工大学,2018,电子信息类,59317,512.00,519.00,514.00
西安理工大学,2015,计算机科学与技术,--,580,580,--
西安理工大学,2016,计算机科学与技术,49407,523,524,524
西安理工大学,2017,计算机科学与技术,47827,509,511,510
西安理工大学,2018,计算机科学与技术,41882,534.00,535.00,535.00
玉溪师范学院,2016,计算机科学与技术,158554,425,431,428
玉溪师范学院,2017,计算机科学与技术,134711,421,430,426
西安建筑科技大学,2018,计算机科学与技术（中外合作办学）,60188,511.00,520.00,516.00
西安科技大学,2015,自动化,--,570,572,571
西安科技大学,2016,自动化,73713,497,507,502
西安科技大学,2016,计算机类,63502,509,512,510
西安科技大学,2017,自动化,79870,470,474,472
西安科技大学,2017,计算机类,79870,474,481,477
西安科技大学,2017,电子信息类,79870,472,475,474
西安科技大学,2018,计算机科学与技术,69264,501.00,503.00,502.00
西安科技大学,2018,自动化,71085,499.00,499.00,499.00
西安石油大学,2015,软件工程,--,553,553,553
西安石油大学,2016,计算机类,--,--,--,489
西安石油大学,2017,计算机类,90122,461,463,462
西安石油大学,2018,计算机类,85479,484.00,488.00,486.00
红河学院,2017,计算机科学与技术,128923,426,427,426
云南财经大学,2017,计算机科学与技术,74935,476,477,476
陕西科技大学,2016,电子信息类,--,--,--,517
陕西科技大学,2017,电子信息类,60623,492,497,495
陕西科技大学,2018,电子信息类,60188,511.00,511.00,511.00
西安工程大学,2017,计算机科学与技术（卓越班）,95539,459,465,462
西安邮电大学,2015,电子信息类,--,566,570,568
西安邮电大学,2015,自动化,--,568,571,570
西安邮电大学,2015,计算机科学与技术,--,572,574,573
西安邮电大学,2015,软件工程,--,572,577,574
西安邮电大学,2016,自动化,--,--,--,497
西安邮电大学,2016,软件工程,--,--,--,502
西安邮电大学,2016,电子信息类（中外合作办学）,--,--,--,500
西安邮电大学,2017,自动化,74935,476,--,--
西安邮电大学,2017,计算机科学与技术,65332,485,--,--
西安邮电大学,2017,软件工程,70132,483,--,--
西安邮电大学,2018,计算机科学与技术,54228,518.00,518.00,518.00
西安邮电大学,2018,自动化,66431,504.00,504.00,504.00
咸阳师范学院,2015,软件工程,--,525,529,527
咸阳师范学院,2016,计算机科学与技术,133142,449,449,449
咸阳师范学院,2017,计算机科学与技术,128923,425,427,426
青海大学,2016,计算机科学与技术,--,--,--,514
青海大学,2017,计算机科学与技术,51932,504,507,506
青海大学,2018,自动化,59317,512.00,--,--
青海大学,2018,计算机科学与技术,42626,533.00,--,--
宝鸡文理学院,2015,自动化类,--,523,523,523
青海民族大学,2016,计算机科学与技术,183366,406,489,426
青海民族大学,2018,电子信息类,--,--,--,357.00
青海民族大学,2018,计算机类,--,--,--,414.00
北华大学,2015,软件工程,--,537,537,537
北华大学,2016,软件工程,--,--,--,466
北华大学,2017,软件工程,106358,446,463,454
西安财经大学,2016,计算机类,--,--,--,484
西安财经大学,2017,计算机类,90122,460,--,--
长春大学,2015,计算机科学与技术,--,530,--,--
长春大学,2015,软件工程,--,535,--,--
长春大学,2016,软件工程,108205,469,--,--
长春大学,2016,计算机科学与技术,108205,467,--,--
长春大学,2017,计算机科学与技术,111947,443,--,--
长春大学,2017,软件工程,106358,448,--,--
长春大学,2018,自动化（自动化类中外合作办学）,116039,455.00,--,--
长春大学,2018,计算机科学与技术（ISEC）,114977,456.00,--,--
长春大学,2018,软件工程,108484,462.00,--,--
长春理工大学,2017,软件工程,74935,479,509,487
长春理工大学,2018,软件工程,77680,492.00,511.00,500.00
长春理工大学,2018,计算机科学与技术,68335,502.00,524.00,507.00
长春工业大学,2015,自动化,--,534,534,534
长春工业大学,2015,计算机类,--,529,555,545
长春工业大学,2015,计算机科学与技术,--,540,540,540
长春工业大学,2016,计算机科学与技术,102054,474,474,474
长春工业大学,2016,计算机科学与技术（中外合作办学）,102054,470,470,470
长春工业大学,2016,软件工程,84561,485,485,485
长春工业大学,2016,计算机类（中外合作办学）,--,--,--,469
长春工业大学,2017,自动化,100935,450,453,452
长春工业大学,2017,计算机科学与技术（中外合作办学）,100935,454,458,--
湘潭大学,2015,自动化,--,589,591,590
湘潭大学,2015,软件工程,--,587,588,588
湘潭大学,2017,自动化,40080,517,519,518
湘潭大学,2017,计算机科学与技术,40080,517,519,518
吉首大学,2016,软件工程,--,--,--,471
吉首大学,2017,软件工程,--,449,--,--
长春师范大学,2015,软件工程,--,533,533,533
湖南科技大学,2018,自动化,56787,515.00,517.00,517.00
湖南科技大学,2018,计算机科学与技术,50969,522.00,528.00,528.00
长沙理工大学,2016,自动化,--,--,--,535
长沙理工大学,2017,软件工程,47827,507,516,513
长沙理工大学,2017,计算机科学与技术,47827,505,533,515
长沙理工大学,2017,自动化,47827,508,520,513
吉林师范大学,2015,软件工程,--,522,522,522
吉林师范大学,2016,软件工程,120658,458,458,458
吉林师范大学,2017,软件工程,111947,440,440,--
吉林师范大学,2018,软件工程,107424,463.00,463.00,--
南华大学,2015,电子信息类,--,570,578,572
南华大学,2015,自动化,--,553,574,558
南华大学,2015,计算机类,--,571,591,575
南华大学,2016,自动化,--,--,--,506
南华大学,2016,计算机类,--,--,--,510
南华大学,2017,电子信息类（含电子信息工程、电子信息科学与技术专业）,--,487,--,--
南华大学,2017,计算机类（含软件工程、物联网工程、网络工程、数字媒体技术、医学信息工程专业）,--,491,--,--
南华大学,2018,自动化,--,--,--,497.86
南华大学,2018,电子信息类（涵盖电子信息工程、电子信息科学与技术二）,--,--,--,504.33
南华大学,2018,计算机类（涵盖软件工程、物联网工程、网络工程、数字媒体技术四）,--,--,--,508.36
东北电力大学,2015,自动化,--,573,574,574
东北电力大学,2015,计算机科学与技术,--,567,567,567
东北电力大学,2015,软件工程,--,557,557,557
东北电力大学,2016,自动化,--,--,--,528
东北电力大学,2016,软件工程,--,--,--,495
东北电力大学,2016,计算机科学与技术,--,--,--,495
东北电力大学,2017,计算机科学与技术,74935,475,475,--
东北电力大学,2017,自动化,74935,478,484,--
东北电力大学,2018,计算机科学与技术,71085,499.00,499.00,--
东北电力大学,2018,软件工程,76739,493.00,493.00,--
东北电力大学,2018,自动化,65530,505.00,508.00,--
长春工程学院,2015,计算机科学与技术,--,522,522,522
长春工程学院,2015,软件工程,--,530,530,530
长春工程学院,2016,软件工程,--,--,--,454
长春工程学院,2016,计算机科学与技术,--,--,--,451
长春工程学院,2017,计算机科学与技术,128923,428,428,--
长春工程学院,2017,软件工程,117655,435,435,--
长春工程学院,2018,计算机科学与技术,136909,436.00,445.00,445.00
湖南理工学院,2015,软件工程,--,555,566,560
湖南理工学院,2016,自动化,--,--,--,488
湖南理工学院,2016,软件工程,--,--,--,497
湖南城市学院,2015,计算机科学与技术,--,519,525,521
湖南城市学院,2016,计算机科学与技术,--,--,--,463
湖南城市学院,2017,计算机科学与技术,--,440,--,--
湖南城市学院,2018,计算机科学与技术,111770,459.00,--,--
湖南工业大学,2015,电子信息类,--,558,564,560
湖南工业大学,2016,自动化类,--,--,--,497
湖南工业大学,2017,计算机类,--,485,--,--
湖南工程学院,2018,软件工程,104164,466.00,473.00,470.00
中南林业科技大学,2016,自动化,--,--,--,493
中南林业科技大学,2016,软件工程,--,--,--,500
中南林业科技大学,2017,自动化,74935,476,482,481
中南林业科技大学,2017,计算机科学与技术,70132,483,489,--
中南林业科技大学,2018,计算机科学与技术,61055,510.00,511.00,--
湘南学院,2016,计算机科学与技术,--,--,--,472
衡阳师范学院,2015,计算机科学与技术,--,526,526,526
衡阳师范学院,2016,计算机科学与技术,--,--,--,466
衡阳师范学院,2017,计算机科学与技术,--,439,--,--
湖南工商大学,2015,计算机科学与技术,--,563,564,563
湖南工商大学,2016,计算机科学与技术,--,--,--,491
白城师范学院,2015,计算机科学与技术,--,516,521,518
白城师范学院,2015,软件工程,--,517,520,518
白城师范学院,2016,软件工程,--,--,--,420
白城师范学院,2016,计算机科学与技术,--,--,--,417
白城师范学院,2018,计算机科学与技术,--,434.00,--,--
白城师范学院,2018,软件工程（校企合作）,--,434.00,--,--
吉林财经大学,2015,计算机科学与技术,--,556,558,557
吉林财经大学,2016,计算机科学与技术,84561,487,489,488
吉林财经大学,2017,计算机科学与技术,85011,469,469,469
吉林财经大学,2018,计算机科学与技术,82553,487.00,--,--
中南财经政法大学,2017,计算机科学与技术,17113,559,--,--
中南财经政法大学,2018,计算机类,16109,579.00,589.00,582.00
湖南文理学院,2015,自动化,--,529,532,530
湖南文理学院,2015,计算机科学与技术,--,529,530,530
湖南文理学院,2016,自动化,114461,460,462,461
湖南文理学院,2016,计算机科学与技术,108205,465,476,470
湖南文理学院,2017,自动化,123239,431,454,442
湖南文理学院,2017,计算机科学与技术,111947,444,452,448
湖南文理学院,2018,自动化,123589,448.00,456.00,452.00
怀化学院,2017,计算机科学与技术,--,423,--,--
华中农业大学,2015,自动化,--,597,597,597
华中农业大学,2015,计算机科学与技术,--,593,596,594
华中农业大学,2016,自动化,--,--,--,546
华中农业大学,2016,计算机科学与技术,--,--,--,548
华中农业大学,2017,计算机科学与技术,--,534,--,--
邵阳学院,2015,自动化,--,525,526,525
邵阳学院,2016,自动化,--,--,--,455
东北林业大学,2015,计算机科学与技术,--,580,580,580
东北林业大学,2016,计算机科学与技术,--,--,--,521
东北林业大学,2017,计算机类,51932,504,509,507
东北林业大学,2017,电子信息类,51932,503,505,504
东北林业大学,2018,电子信息类,46325,528.00,530.00,529.00
东北林业大学,2018,计算机类,41882,534.00,539.00,537.00
华中师范大学,2015,电子信息类,--,604,614,606
华中师范大学,2015,计算机类,--,604,612,607
华中师范大学,2016,计算机类,--,--,--,567
华中师范大学,2016,电子信息类,--,--,--,563
华中师范大学,2017,电子信息类（含通信工程、电子信息科学与技术、电子信息工程专业）,--,551,--,--
华中师范大学,2017,计算机类（含计算机科学与技术、软件工程、物联网工程、信息安全专业）,--,551,--,--
华中师范大学,2018,电子信息类,18273,573.98,581.98,577.58
华中师范大学,2018,计算机类,18273,573.98,579.98,575.98
黑龙江大学,2015,自动化,--,565,573,570
黑龙江大学,2015,软件工程,--,540,566,550
黑龙江大学,2018,计算机科学与技术,69264,501.00,506.00,503.00
黑龙江大学,2018,软件工程,96754,473.00,513.00,483.00
中南民族大学,2018,电子信息类（只招少数民族）,82553,487.00,492.00,490.00
中南民族大学,2018,电子信息类（民族不限）,69264,501.00,503.00,502.00
齐齐哈尔大学,2015,计算机类,--,520,546,--
齐齐哈尔大学,2016,计算机类,--,--,--,451
齐齐哈尔大学,2016,电子信息类,--,--,--,440
齐齐哈尔大学,2018,电子信息类,131419,440.87,452.88,--
齐齐哈尔大学,2018,计算机类,122481,448.88,471.90,--
湖北大学,2017,电子信息类（含电子科学与技术、微电子科学与工程、光电信息科学与工程专业）,--,485,--,--
哈尔滨理工大学,2015,自动化,--,556,564,559
哈尔滨理工大学,2016,自动化,84561,488,495,491
哈尔滨理工大学,2017,软件工程,74935,478,498,483
哈尔滨理工大学,2017,自动化,70132,484,498,490
长江大学,2015,电子信息类,--,552,552,552
长江大学,2015,计算机类,--,550,552,551
长江大学,2016,计算机类,--,--,--,486
长江大学,2017,计算机类（计算机科学与技术、软件工程、网络工程、物联网工程）,79870,473,477,475
武汉纺织大学,2015,计算机类,--,559,563,561
武汉纺织大学,2018,计算机类（计算机科学与技术、软件工程、网络工程、物联网工程）,70165,500.00,506.00,502.00
武汉纺织大学,2018,自动化,72935,497.00,504.00,500.00
湖北工业大学,2016,电子信息类,--,--,--,505
湖北工业大学,2017,自动化类,65332,489,489,489
湖北工业大学,2017,电子信息类,60623,491,494,492
湖北工业大学,2017,计算机类,56217,495,498,497
湖北工业大学,2018,电子信息类（中英合作办学）,60188,510.94,510.94,510.94
武汉工程大学,2017,电子信息类,51932,503,506,504
武汉工程大学,2017,自动化类,51932,503,503,503
武汉工程大学,2018,电子信息类,203722,376.00,527.00,522.00
武汉工程大学,2018,自动化类,203722,376.00,521.00,520.00
武汉轻工大学,2016,计算机类,--,--,--,505
武汉轻工大学,2017,计算机类（计算机科学与技术、软件工程、网络工程、数字媒体技术）,70132,484,484,484
武汉轻工大学,2017,电子信息类（电子信息工程、通信工程）,74935,478,478,478
武汉轻工大学,2018,计算机类（计算机科学与技术、软件工程、网络工程、数字媒体技术）,67382,503.00,503.00,503.00
武汉轻工大学,2018,电子信息类（电子信息工程、通信工程）,70165,500.00,500.00,500.00
牡丹江师范学院,2015,计算机类,--,516,521,518
牡丹江师范学院,2016,计算机类,--,--,--,444
牡丹江师范学院,2017,计算机类,151958,409,412,411
牡丹江师范学院,2018,计算机科学与技术,140313,433.00,439.00,--
湖北工程学院,2017,计算机类（计算机科学与技术、软件工程、物联网工程）,117655,439,439,439
湖北工程学院,2017,电子信息类（电子信息工程、光电信息科学与工程、电子信息科学与技术）,106358,445,445,445
哈尔滨商业大学,2015,计算机科学与技术,--,527,--,--
哈尔滨商业大学,2016,软件工程,--,--,--,463
哈尔滨商业大学,2016,计算机科学与技术,--,--,--,462
哈尔滨商业大学,2017,软件工程,111947,443,447,445
哈尔滨商业大学,2017,计算机科学与技术,117655,437,458,445
哈尔滨商业大学,2018,计算机科学与技术,100974,469.00,--,--
哈尔滨商业大学,2018,软件工程,106361,464.00,--,--
东北石油大学,2015,计算机应用技术,--,430,--,--
东北石油大学,2015,计算机控制技术,--,420,--,--
东北石油大学,2015,软件技术,--,415,--,--
东北石油大学,2016,计算机应用技术,258828,336,410,366
东北石油大学,2016,软件技术,254119,340,368,350
东北石油大学,2018,计算机应用技术,221945,358.00,369.00,363.00
东北石油大学,2018,软件技术,205834,374.00,429.00,395.00
东北石油大学,2018,计算机类,125769,446.00,534.00,469.00
哈尔滨学院,2015,软件工程,--,519,540,531
哈尔滨学院,2016,软件工程,--,--,--,435
哈尔滨学院,2016,计算机类,--,--,--,444
哈尔滨学院,2017,计算机类,140437,415,415,--
哈尔滨学院,2017,软件工程,140437,418,420,419
哈尔滨学院,2018,软件工程,137999,435.00,435.00,435.00
哈尔滨学院,2018,计算机类,137999,435.00,435.00,435.00
黑龙江工程学院,2015,自动化,--,519,--,--
黑龙江工程学院,2015,计算机科学与技术,--,529,--,--
黑龙江工程学院,2016,自动化,139592,440,--,445
黑龙江工程学院,2016,计算机类,145945,439,--,446
黑龙江工程学院,2017,计算机类,140437,417,--,--
黑龙江工程学院,2018,计算机类,136909,436.00,--,--
黑龙江科技大学,2015,电子信息类,--,519,542,526
黑龙江科技大学,2015,自动化,--,525,531,527
黑龙江科技大学,2016,自动化,--,--,--,462
黑龙江科技大学,2016,软件工程,--,--,--,451
黑龙江科技大学,2016,电子信息类,--,--,--,460
黑龙江科技大学,2016,计算机科学与技术,--,--,--,464
黑龙江科技大学,2017,自动化,117655,436,446,441
黑龙江科技大学,2017,计算机科学与技术,117655,436,438,437
黑龙江科技大学,2017,软件工程,117655,438,456,445
黑龙江科技大学,2018,自动化,124725,447.00,454.00,451.00
黑龙江科技大学,2018,计算机科学与技术,120318,451.00,454.00,453.00
黑龙江科技大学,2018,软件工程,121323,450.00,473.00,460.00
河南大学,2015,计算机类,--,537,597,562
河南大学,2016,自动化,--,--,--,513
河南大学,2016,计算机类（中外合作办学）,--,--,--,468
河南大学,2016,自动化类,--,--,--,504
河南科技大学,2015,电子信息类,--,551,551,551
河南科技大学,2015,自动化,--,558,558,558
河南科技大学,2015,计算机科学与技术,--,544,554,549
河南科技大学,2016,电子信息类,90384,483,490,486
河南科技大学,2016,计算机科学与技术,84561,488,488,488
河南科技大学,2016,自动化,90384,483,494,488
河南科技大学,2017,电子信息类,95539,458,471,464
河南科技大学,2017,计算机科学与技术,74935,475,484,479
河南科技大学,2017,自动化,85011,465,466,465
河南科技大学,2018,自动化,81550,487.92,488.92,488.40
河南科技大学,2018,电子信息类,81550,487.92,492.92,490.60
河南科技大学,2018,计算机科学与技术,77680,491.92,496.93,493.90
湖北文理学院,2015,电子信息类,--,523,533,527
湖北文理学院,2016,计算机类,--,--,--,456
湖北文理学院,2017,计算机类,111947,442,--,451
湖北文理学院,2018,计算机类,125769,446.00,457.00,451.20
湖北文理学院,2018,电子信息类,113903,457.00,467.00,459.80
河南理工大学,2015,电子信息类,--,549,558,554
河南理工大学,2015,自动化类,--,551,553,552
河南理工大学,2016,自动化类,84561,489,490,490
河南理工大学,2016,电子信息类,84561,486,493,490
河南理工大学,2017,计算机类,74935,478,497,488
河南理工大学,2017,自动化类,85011,466,466,466
河南理工大学,2017,电子信息类,79870,470,473,472
河南理工大学,2018,计算机类,72935,497.00,503.00,500.00
河南理工大学,2018,电子信息类,77680,492.00,494.00,493.00
河南理工大学,2018,自动化类,77680,492.00,505.00,498.50
华北水利水电大学,2015,计算机科学与技术,--,557,558,558
华北水利水电大学,2017,软件工程,100935,452,--,--
华北水利水电大学,2017,计算机科学与技术,100935,451,--,--
华北水利水电大学,2018,计算机科学与技术,87525,482.00,--,--
华北水利水电大学,2018,软件工程,86499,483.00,--,--
华侨大学,2016,自动化,--,--,--,535
河南工业大学,2015,自动化,--,550,550,550
河南工业大学,2015,计算机科学与技术,--,553,561,556
河南工业大学,2016,自动化,90384,484,493,487
河南工业大学,2016,软件工程,84561,487,492,489
河南工业大学,2017,计算机科学与技术,65332,485,492,488
河南工业大学,2018,计算机科学与技术,77680,492.00,499.00,495.00
河南工业大学,2018,软件工程,71085,499.00,500.00,499.00
福建农林大学,2015,计算机科学与技术,--,545,--,--
福建农林大学,2016,计算机科学与技术,63502,509,516,513
福建农林大学,2017,计算机科学与技术,65332,488,498,493
集美大学,2015,软件工程,--,576,581,578
集美大学,2016,软件工程,--,--,--,519
集美大学,2017,软件工程,70132,483,491,486
集美大学,2018,软件工程（第三、四学年学费13000元/学年）,--,510.00,--,--
福建师范大学,2015,电子信息类,--,557,566,561
福建师范大学,2015,计算机类,--,554,570,559
福建师范大学,2016,电子信息类,58551,514,520,516
福建师范大学,2016,计算机科学与技术,53843,515,521,519
福建师范大学,2016,软件工程,53843,515,518,517
福建师范大学,2017,计算机类（中外合作办学）,65332,485,499,491
福建师范大学,2017,计算机科学与技术,51932,501,505,503
福建师范大学,2017,电子信息类,56217,499,503,500
福建师范大学,2017,软件工程,56217,499,505,501
福建师范大学,2018,电子信息类,50969,522.00,531.00,525.00
福建师范大学,2018,计算机科学与技术,51772,521.00,557.00,531.00
福建师范大学,2018,软件工程,55084,517.00,539.00,523.00
福建工程学院,2015,软件工程,--,553,554,553
福建工程学院,2016,软件工程,84561,487,506,496
福建工程学院,2017,软件工程,106358,449,471,456
泉州师范学院,2015,计算机科学与技术,--,527,540,534
郑州航空工业管理学院,2015,计算机科学与技术,--,528,559,544
西北民族大学,2015,自动化,--,530,530,530
西北民族大学,2015,计算机科学与技术,--,542,545,544
西北民族大学,2015,软件工程,--,536,538,537
西北民族大学,2016,自动化,--,--,--,451
西北民族大学,2016,软件工程,--,--,--,466
西北民族大学,2017,自动化,--,--,--,456
西北民族大学,2017,软件工程,--,--,--,471
西北民族大学,2018,自动化,--,--,--,456.00
西北民族大学,2018,软件工程,--,--,--,471.00
兰州理工大学,2015,自动化,--,546,549,548
兰州理工大学,2015,计算机科学与技术,--,539,549,544
兰州理工大学,2015,软件工程,--,537,540,539
兰州理工大学,2016,自动化,--,--,--,483
兰州理工大学,2016,软件工程,--,--,--,480
兰州理工大学,2017,自动化,--,464,--,--
兰州理工大学,2017,计算机科学与技术,--,453,--,--
兰州理工大学,2017,软件工程,--,454,--,--
兰州理工大学,2018,自动化,--,482.00,--,--
兰州理工大学,2018,计算机科学与技术,--,482.00,--,--
兰州理工大学,2018,软件工程,--,477.00,--,--
兰州交通大学,2015,自动化,--,557,558,558
兰州交通大学,2015,计算机科学与技术,--,551,557,554
兰州交通大学,2018,计算机科学与技术,--,497.00,--,--
西北师范大学,2016,软件工程,--,--,--,465
临沂大学,2017,计算机类（含计算机科学与技术、软件工程、网络工程专业）,--,432,--,--
青岛大学,2015,软件工程,--,544,575,553
青岛大学,2016,自动化,--,--,--,505
青岛大学,2016,软件工程,--,--,--,501
青岛大学,2017,电子信息类（含电子信息工程、通信工程、微电子科学与工程、电子信息科学与技术）,--,482,--,--
青岛大学,2017,计算机类（含软件工程、数字媒体技术、智能科学与技术）,--,482,--,--
青岛大学,2018,电子信息类,60188,511.00,515.00,--
青岛大学,2018,计算机类,60188,511.00,517.00,--
